timestamp,ear,pitch,label
1770189126.8806233,0.2799616405972588,-63939.79263484993,0
1770189126.9621644,0.351519324078148,-64516.5042640394,0
1770189127.039816,0.3513873050814832,-64464.02657612708,0
1770189127.1181688,0.340650740677311,-64527.96206388528,0
1770189127.1941402,0.350418179559028,64741.618302069684,0
1770189127.272743,0.341630637063526,64604.94347615115,0
1770189127.3511791,0.3553461259970184,-64543.09460697083,0
1770189127.4309807,0.33660745130104397,-64798.13194906985,0
1770189127.5085359,0.34035913137319646,64587.266038213405,0
1770189127.5868583,0.3530971402394759,64702.35140010074,0
1770189127.6665115,0.35029859035386235,64444.505776958336,0
1770189127.7430756,0.3556258852556723,64456.86236824673,0
1770189127.8194675,0.3411620913637773,64797.8780604462,0
1770189127.898157,0.34109245776173347,64585.55741277635,0
1770189127.9783795,0.3412978669264146,64583.0214625129,0
1770189128.053897,0.3272085601324072,64556.41923535569,0
1770189128.1604614,0.3258471758189285,-64753.15162425341,0
1770189128.2087517,0.3432509278930296,-64290.75773723751,0
1770189128.2858427,0.33952659082884445,-64026.44923336322,0
1770189128.36412,0.34093694809961117,-63778.33237846234,0
1770189128.440628,0.3169021216899968,-63800.96588611682,0
1770189128.5195372,0.319639902574123,-63746.617454074556,0
1770189128.5982678,0.3306465082958087,-63681.39688976497,0
1770189128.6746652,0.32760357745535185,-64189.56378138286,0
1770189128.7536004,0.33713789174241265,-64114.42168778803,0
1770189128.830547,0.33345791296984273,-64223.57928634591,0
1770189128.9088733,0.3420174299502188,-64454.041003949475,0
1770189128.9874113,0.32689030030352273,-64670.173405189846,0
1770189129.065135,0.3142610804483522,64697.87064366583,0
1770189129.1430054,0.3354594496203939,-64668.524943703334,0
1770189129.2215412,0.32927363375134855,-64500.298970568445,0
1770189129.300135,0.32635206222938856,-64509.674187383025,0
1770189129.3763292,0.08747326041014347,64454.7043459847,0
1770189129.4570868,0.11606562818922839,64602.7574114656,0
1770189129.5356147,0.21465472743286232,-64706.06163363036,0
1770189129.617319,0.30299875435661616,-64668.29594881103,0
1770189129.6946058,0.3082842049159902,64420.98539938133,0
1770189129.7728863,0.3249359535872399,-64556.60860100523,0
1770189129.8485286,0.33390219079470296,-64281.2489151137,0
1770189129.9282222,0.35625600302932303,-64062.67176272993,0
1770189130.006059,0.33962099290002207,-64170.99505316999,0
1770189130.0826242,0.35059407362671824,-64139.00539880972,0
1770189130.1596467,0.3336752903429168,-64427.26314661811,0
1770189130.2380836,0.34319048069595215,-64461.1862863504,0
1770189130.3169549,0.33947979612068546,64745.67884822468,0
1770189130.3961222,0.3410431826780008,-64687.720750481276,0
1770189130.4745746,0.3351810440192897,64438.90178470493,0
1770189130.55374,0.3698117776956373,64630.791988595476,0
1770189130.6317272,0.3591862993678751,64422.264051517275,0
1770189130.7088501,0.35796507362681873,64470.215105527546,0
1770189130.7890108,0.3602272862322423,64140.39789832678,0
1770189130.8668008,0.33907993532198766,63960.77303902089,0
1770189130.9441206,0.3343747177932273,63716.95440763836,0
1770189131.0226343,0.3340296831168611,63751.438221910714,0
1770189131.1001098,0.335090599056473,63421.47564995947,0
1770189131.2073138,0.3152022669710107,63890.425767454486,0
1770189131.2554688,0.30289075726528136,63879.29082271006,0
1770189131.3350983,0.30782392780601175,63784.33073544135,0
1770189131.4134676,0.3357651599538507,63760.80014046669,0
1770189131.4917462,0.3146544686080963,63742.377028876275,0
1770189131.567918,0.3228296112914447,63983.64029948836,0
1770189131.6471803,0.31089029467877916,63723.3450585302,0
1770189131.7257724,0.31261459385935236,63864.249036129026,0
1770189131.8048003,0.30955266663566217,63498.776274159754,0
1770189131.888498,0.31376159242538293,63707.346886843115,0
1770189131.965242,0.33233530308096626,63431.46657094676,0
1770189132.0434413,0.31205455516144776,63492.73278652951,0
1770189132.120874,0.31986396065531386,63830.43530607336,0
1770189132.201118,0.30824976296914297,63992.29475637628,0
1770189132.2834003,0.32149989459398876,64197.524836899676,0
1770189132.3600402,0.33032107751445755,64749.06640047108,0
1770189132.437075,0.3082599353421204,-64655.1409360249,0
1770189132.5157483,0.3532594653761245,-64154.73527111043,0
1770189132.5915246,0.3536118264667558,-63927.38684441024,0
1770189132.6693804,0.37782021791415565,-63424.52675076833,0
1770189132.7511146,0.38414863364966934,-63067.708713018576,0
1770189132.8324897,0.3729013934221531,-62859.95897028068,0
1770189132.9042354,0.35041474328380434,-63321.44461554139,0
1770189132.985915,0.33315710419341504,-63188.69838080346,0
1770189133.0682774,0.3447753956835497,-64044.272579066346,0
1770189133.1437445,0.35318434160644246,-63944.435588459906,0
1770189133.2213888,0.3971922747817549,64529.71676496658,0
1770189133.299814,0.3983009643014658,64257.183221787265,0
1770189133.3780332,0.38970902522836265,63809.89203226155,0
1770189133.456124,0.41885047197616515,63299.69734093851,0
1770189133.532594,0.4091853375193411,63398.36047470078,0
1770189133.6141126,0.40937921828144974,63305.06540723445,0
1770189133.6885526,0.3870259668459972,62788.71796393815,0
1770189133.7668495,0.06640975076562142,61899.4405658125,0
1770189133.8445091,0.03849713421560663,61643.59309083151,0
1770189133.9193845,0.03069949251013653,62968.028931039946,0
1770189133.99858,0.01913554891195215,63122.63403029105,0
1770189134.0762107,0.09965430519866855,63136.45500282952,0
1770189134.1850245,0.275370404990038,64095.527555630644,0
1770189134.2332094,0.2785912658356655,63892.23465126438,0
1770189134.310897,0.29115301176599273,63838.97235486437,0
1770189134.3892462,0.3012174029092527,63737.57484298409,0
1770189134.470298,0.30158746220469856,63254.09714210237,0
1770189134.5463283,0.3260256916580627,63377.3481629927,0
1770189134.6262872,0.330566710139918,63474.64105471919,0
1770189134.703399,0.32994240855870527,63721.124468173555,0
1770189134.7826638,0.3355897341690611,63466.33091930134,0
1770189134.8615482,0.3381068124006184,63505.994480087575,0
1770189134.9412863,0.33790853198648263,63808.82589883826,0
1770189135.018281,0.3465310295543493,63765.146732952664,0
1770189135.095332,0.34844629283346407,63991.31204308579,0
1770189135.173888,0.3297853135659759,63979.33236240491,0
1770189135.2511027,0.3373551087068639,63966.44306272854,0
1770189135.332524,0.32897946990468346,64180.332604682524,0
1770189135.4086401,0.33434528302645466,64068.01515316882,0
1770189135.4910588,0.3417416503607697,64025.524129504985,0
1770189135.5681665,0.3331737563636372,63735.30357809117,0
1770189135.6455376,0.33657101103187403,63993.124250858906,0
1770189135.7234259,0.34519113132203505,64240.741878123255,0
1770189135.8039286,0.33496184951078317,64150.84766195567,0
1770189135.8811889,0.34592455414015655,64241.75632473018,0
1770189135.959715,0.3420025093430733,64151.77217303055,0
1770189136.0355656,0.34015394926128895,64340.90151733039,0
1770189136.114031,0.3340632583448684,64495.153164222786,0
1770189136.1913898,0.34254565344421056,64250.00995870507,0
1770189136.2713666,0.3244817040480874,64269.93879576414,0
1770189136.3502061,0.33828587698414536,63930.44539536188,0
1770189136.4286125,0.3406546559421384,63832.547595937525,0
1770189136.5078864,0.3371780620410859,64209.32755770828,0
1770189136.5844085,0.3622307328596042,63864.971609513974,0
1770189136.6654317,0.3423950039587886,64453.00926565267,0
1770189136.7427752,0.33104097825592727,64568.48687438689,0
1770189136.8209715,0.33455623734588963,64578.2299034263,0
1770189136.8994403,0.3452962525506779,-64662.13697170765,0
1770189136.977518,0.35324853292472647,-64633.773300873894,0
1770189137.0543053,0.3536660228161842,-64721.20536209089,0
1770189137.132203,0.3536009506385607,-64502.01504507167,0
1770189137.2372859,0.3426192932105588,-64702.355083716415,0
1770189137.2848113,0.34729597978327165,64510.60895599146,0
1770189137.3619797,0.3392817438510529,64408.852080040844,0
1770189137.4415114,0.3290966945785231,64382.99097775856,0
1770189137.5161185,0.3177046671725463,64366.79022776775,0
1770189137.5953004,0.10004319650500859,63916.680888852025,0
1770189137.6728501,0.18340947081911912,64128.639637902525,0
1770189137.749932,0.2761706524623217,64223.06172206012,0
1770189137.8307712,0.30713947398745406,64255.500620305866,0
1770189137.9047916,0.31318640437392636,64357.29224724917,0
1770189137.9834294,0.3219901216046601,64503.01576270661,0
1770189138.061871,0.33371002954219775,64252.04810822777,0
1770189138.1391861,0.32541999708561764,64286.29367014273,0
1770189138.2172296,0.33685870520496036,64293.30410180461,0
1770189138.292829,0.335776380808394,64555.7954466675,0
1770189138.3730936,0.3253128730408432,64402.731029564835,0
1770189138.4511874,0.3181663426853859,64636.60536758433,0
1770189138.533181,0.3355305343564293,-64583.46669846163,0
1770189138.6097364,0.3307404055697789,-64704.66999833496,0
1770189138.68539,0.3309432883644552,64776.8600075127,0
1770189138.7655857,0.32949166615290165,-64600.71574722718,0
1770189138.844489,0.3502026054259562,-64697.69831398669,0
1770189138.9219012,0.33646528369079043,64690.083710138424,0
1770189139.0006602,0.32901113215698535,-64446.99357047394,0
1770189139.0752141,0.3456955061091005,64707.937623340185,0
1770189139.155849,0.3456638414963462,-64630.01361799464,0
1770189139.2312286,0.3507685919192166,64572.64456815332,0
1770189139.3092568,0.3529047286676925,64678.8877354901,0
1770189139.3877895,0.30336153628620244,64721.83746198885,0
1770189139.4619138,0.06981014990581391,64055.99647601607,0
1770189139.538948,0.20840940201268487,-64724.83506371752,0
1770189139.6225736,0.23832360438827538,64786.58960182763,0
1770189139.6986818,0.2795006352318775,-64717.85162715914,0
1770189139.7752275,0.32901911638816195,-64626.326544967385,0
1770189139.8554971,0.321364440219501,-64257.184448048836,0
1770189139.9342506,0.3283361792644534,-63906.8446275225,0
1770189140.0095267,0.3220303786092556,-64175.0823646533,0
1770189140.0865781,0.33521119595397064,-64260.56555583588,0
1770189140.1963935,0.3201222132545939,-64661.33075558123,0
1770189140.2382562,0.30486019349370663,64725.02157874787,0
1770189140.3184814,0.3434059554736971,-64431.10469188968,0
1770189140.396928,0.3323407918425698,-64352.61901133574,0
1770189140.4713807,0.3389392172034874,64627.13603915693,0
1770189140.5525923,0.35113762048233477,64662.74049322219,0
1770189140.6324465,0.3472317606430051,64595.4382332573,0
1770189140.7095993,0.34381647198581455,-64520.525799242394,0
1770189140.788882,0.333714254990844,-64020.80192029864,0
1770189140.8641753,0.3375897221759855,-64205.81143064795,0
1770189140.9455795,0.3427359570074645,-64106.85399893393,0
1770189141.0248828,0.32401803560753134,64624.32249739683,0
1770189141.1026523,0.31820701111100036,64033.371304427674,0
1770189141.1818748,0.33509376667778185,-64721.045922554746,0
1770189141.2598183,0.32735210192090836,63841.58527246491,0
1770189141.3346732,0.33991608735603873,64556.46921214046,0
1770189141.4133193,0.34657516186217624,64423.777437910896,0
1770189141.4917815,0.348796008846659,-64706.36916810514,0
1770189141.5680566,0.34858968804981805,-64733.22958354618,0
1770189141.6471157,0.3350718716341071,64796.99188369435,0
1770189141.7233863,0.33381119174313667,64717.431724194896,0
1770189141.8053143,0.3494252776945056,63863.303430317676,0
1770189141.8802476,0.34975942107735425,64256.83397254444,0
1770189141.9598978,0.32409200864423887,-62365.27921436435,0
1770189142.0360909,0.3507262640453552,64217.376543596365,0
1770189142.1170623,0.3355103793796177,63979.2707641295,0
1770189142.1931338,0.3308599945338263,63557.74441231175,0
1770189142.2703638,0.33580234283527444,63994.64298632962,0
1770189142.345775,0.3418359224561883,-62123.671898655026,0
1770189142.4275873,0.3544721849671998,63417.81623174575,0
1770189142.5016453,0.33871331243561037,63030.62999428552,0
1770189142.5783613,0.3233745349164773,63422.86604383625,0
1770189142.660081,0.3367820701019707,63377.320437029666,0
1770189142.7354414,0.3282366437166315,63539.984333697845,0
1770189142.8136086,0.14109780055734053,63550.45104932358,0
1770189142.8935902,0.2117065673475928,63832.24586685834,0
1770189142.9701533,0.2786878752531936,64129.91813873732,0
1770189143.0464396,0.28236994209301736,64058.81543431805,0
1770189143.1265986,0.29176310276703965,64046.83995191702,0
1770189143.2333977,0.32106707310551447,64621.44026860407,0
1770189143.2783794,0.3233276863854969,64593.14075640618,0
1770189143.3593366,0.31951353877439226,64601.91655344158,0
1770189143.43734,0.3376896055213753,-64609.11801546125,0
1770189143.5159643,0.33488511542955646,-64490.219924991274,0
1770189143.5938528,0.32384896349965864,-64514.88026731715,0
1770189143.6686068,0.3363176752590443,-64632.06783225528,0
1770189143.745785,0.3254348880654806,64517.84549424145,0
1770189143.8285587,0.34864936422775594,64143.093418366276,0
1770189143.9051404,0.1589217364430179,63511.82023491154,0
1770189143.985572,0.09069136837390718,63434.47210309334,0
1770189144.0590167,0.3012957797333665,64183.69638716517,0
1770189144.1415806,0.32431151332264696,63323.08858691069,0
1770189144.2157598,0.3059950046399007,64220.68105187743,0
1770189144.295141,0.30548854677018256,64186.40756595515,0
1770189144.3713217,0.18407354262497877,64314.712666294894,0
1770189144.4492068,0.028129440234131574,63806.40425761243,0
1770189144.524974,0.025657991791306616,64161.62757959686,0
1770189144.6057303,0.16264689811033126,63776.40423613565,0
1770189144.6825001,0.19561213266446806,63702.542938377,0
1770189144.7616284,0.29255954264923734,64732.97766059495,0
1770189144.838905,0.3014048082943949,64679.647935703026,0
1770189144.9170594,0.31717066204524347,-64794.5409968921,0
1770189144.993938,0.31592906792672787,64357.53088226869,0
1770189145.0734954,0.31654400292873985,-64728.723029011875,0
1770189145.1527624,0.30014183987638,-64371.09744611873,0
1770189145.230926,0.32135567733345627,-64344.63666056656,0
1770189145.308855,0.35318305341440503,-64413.76545558674,0
1770189145.3880568,0.35321952783934196,-64001.980642787275,0
1770189145.467626,0.36893038257607547,-63582.02524316764,0
1770189145.5434818,0.348559754464344,-63691.29221691879,0
1770189145.625946,0.07483330318818021,-64410.351171350594,0
1770189145.7013178,0.1662406111746445,-63917.17101999524,0
1770189145.7797115,0.28178531337936386,-63682.110138695934,0
1770189145.8579178,0.32166223670309285,-63747.494916443524,0
1770189145.9366505,0.335339762931967,-63946.796288919846,0
1770189146.0185714,0.3546181298334439,-63976.40476962167,0
1770189146.0945895,0.35711001464891257,-63820.576857973756,0
1770189146.2061322,0.3547669706250515,-63997.919174754796,0
1770189146.250082,0.3529345078985686,-64597.237054090874,0
1770189146.3302283,0.35535761631337437,-64181.53530536825,0
1770189146.4094074,0.34527927260314667,-64522.19857340746,0
1770189146.489827,0.34725679672821375,-64616.674995347625,0
1770189146.5621214,0.36038908398577096,64452.57562176831,0
1770189146.6411242,0.3557270059160833,63906.38350506343,0
1770189146.7198029,0.35371897449338513,64141.98514499298,0
1770189146.7978058,0.3487503657858746,64695.01116289389,0
1770189146.8729014,0.34774867563232226,64297.895538360586,0
1770189146.952782,0.3600089635369308,64263.47108216831,0
1770189147.0343401,0.3426399729685034,64291.31056182414,0
1770189147.1088057,0.3462811263255239,64433.37542519809,0
1770189147.191766,0.343866692234963,64209.03840151218,0
1770189147.2647743,0.34006810144477073,64453.20367092626,0
1770189147.351552,0.3408699326892408,64044.78022573859,0
1770189147.4271767,0.33116930302401715,63767.59357805608,0
1770189147.5021863,0.3366661491435156,63906.79518693698,0
1770189147.5811756,0.31918031933898877,64262.13099105501,0
1770189147.657804,0.3205181955082922,64085.36218711942,0
1770189147.7338042,0.3134127348410137,-64737.88215116271,0
1770189147.810809,0.32458235115476497,64406.3981963944,0
1770189147.8888383,0.33425415975186457,-64480.32035519265,0
1770189147.9711983,0.3353692210845472,64700.30746268266,0
1770189148.04561,0.3246404562470083,-64586.37821076803,0
1770189148.1244712,0.32668527682839454,-64251.511945274346,0
1770189148.2061613,0.33014925639264314,-64473.820268948744,0
1770189148.2809432,0.33151529672601976,-64186.829348041574,0
1770189148.3587961,0.32803845770610834,-64555.579716696295,0
1770189148.437114,0.3402576220259912,-64511.39521707974,0
1770189148.5182593,0.33161409603112824,64577.165795214045,0
1770189148.595534,0.3317437148366764,64607.931971090424,0
1770189148.6727073,0.35025317828437097,64750.78050697126,0
1770189148.7492118,0.3564584043220024,64443.20416192344,0
1770189148.8284376,0.349258237308007,64254.25169466874,0
1770189148.9084394,0.35120986234028234,64391.71799211351,0
1770189148.9869409,0.3482217099245525,63882.81318210406,0
1770189149.063605,0.37041506872554897,64072.51528916644,0
1770189149.1737561,0.35155507102153427,63927.29604598887,0
1770189149.2216833,0.3568000587164052,63863.62043341547,0
1770189149.307115,0.35570787225076006,63401.38871756498,0
1770189149.3833365,0.3444388549770173,63684.415239256814,0
1770189149.4602354,0.34116884772516964,63850.30009894608,0
1770189149.5407758,0.35177604986745137,63787.435315642404,0
1770189149.6144922,0.3267862737660337,64014.325005462175,0
1770189149.6906054,0.33471795008729666,64165.63799460474,0
1770189149.7713072,0.33444998445773805,64626.99960506517,0
1770189149.8458493,0.3391419168812988,64034.72759493097,0
1770189149.9239416,0.33331016204502906,64481.36423060251,0
1770189149.9997833,0.31890212625730063,64296.05897507079,0
1770189150.0780032,0.34403375370737466,64270.57275001367,0
1770189150.1576362,0.34638621100002503,63935.0958057569,0
1770189150.235689,0.30746316796790973,64672.76858092334,0
1770189150.311463,0.3388102253355255,64674.145533443276,0
1770189150.394612,0.3266734975074362,64682.12533310069,0
1770189150.47393,0.32389298274550593,64761.42315780143,0
1770189150.5505943,0.3072792887181117,64299.69744788995,0
1770189150.6308773,0.32218874361730165,64271.00709280483,0
1770189150.7125983,0.07966756856290641,63278.696168081915,0
1770189150.7890234,0.15210156693455407,63928.38919210938,0
1770189150.8635874,0.2774775566124198,64134.64414246851,0
1770189150.9483304,0.3220671169189522,63735.244819476764,0
1770189151.0227432,0.3139070735325427,63942.50872260349,0
1770189151.0972078,0.3113930642150695,64009.366702481326,0
1770189151.1714087,0.3320465745412398,63867.154173983814,0
1770189151.2521996,0.33800782786186623,63634.35976589893,0
1770189151.3287587,0.3255672073936785,63619.469871418325,0
1770189151.4086297,0.30962983060443505,63072.517158098475,0
1770189151.4857235,0.28734333675857826,63137.58440744569,0
1770189151.5603595,0.2951372235261934,62801.340569585045,0
1770189151.63834,0.31417029078328285,62801.49551586243,0
1770189151.716151,0.31231027572693737,62613.189641748206,0
1770189151.7935102,0.28821660825140294,63055.4450732222,0
1770189151.8714623,0.2703897478383622,62413.875681660706,0
1770189151.9475958,0.282969894790848,62360.09393900623,0
1770189152.0259628,0.2796233620405391,62660.31628052428,0
1770189152.107283,0.2860978645850241,62669.8748268549,0
1770189152.2139683,0.28797044998021715,62457.09671667758,0
1770189152.2608747,0.2902028440082733,62451.03713683867,0
1770189152.3393245,0.29687696434808913,62729.85324119713,0
1770189152.4193215,0.3128131497688421,63083.07533888017,0
1770189152.496595,0.29875504039871437,62577.31300120444,0
1770189152.5735629,0.3114264034957259,63068.10167072817,0
1770189152.6556342,0.32471446754482536,62936.04482838245,0
1770189152.73141,0.31848320442722444,63228.46902005474,0
1770189152.8094237,0.3009387780747391,63075.16587583843,0
1770189152.8874195,0.3162602886437218,63328.81998896871,0
1770189152.9682221,0.05553352361755728,63479.47720936338,0
1770189153.0454125,0.06490548611421579,63754.97689833105,0
1770189153.1265259,0.19100729676689965,63790.98002651253,0
1770189153.2014406,0.23256662473263096,63635.131781974764,0
1770189153.27938,0.2351244717224438,63516.80119058896,0
1770189153.3569763,0.2674877883004308,63031.20372999911,0
1770189153.4358163,0.2600649482336471,63985.6490057061,0
1770189153.514687,0.25184493892047727,62579.574462448545,0
1770189153.5913525,0.273630929053916,63276.06236177427,0
1770189153.6702332,0.2638532989086614,61736.31710227136,0
1770189153.747133,0.2561845009170884,60964.36236479565,0
1770189153.8271403,0.2617956539655074,60835.73541455877,0
1770189153.9054046,0.2490614436604214,58697.28473057404,0
1770189153.984724,0.21286285910907526,57831.76011073543,0
1770189154.064329,0.23805153617980124,57531.82446530148,0
1770189154.1423006,0.21711706377969395,56933.42581077961,0
1770189154.219601,0.23181221764223328,54547.6320862759,0
1770189154.2985444,0.19205135295474723,54144.788776765614,0
1770189154.3787286,0.20659222242793807,53978.281542518,0
1770189154.4560874,0.20625947621644547,52648.49139381856,0
1770189154.5337992,0.16667519293037064,51887.54008432837,0
1770189154.6102955,0.19129994291138908,52420.690938343185,0
1770189154.688831,0.21397140155512315,51860.13889598946,0
1770189154.7671313,0.16700669648448563,52528.038335321915,0
1770189154.8454587,0.15246769292629309,54760.65505770124,0
1770189154.9236615,0.20144147153922876,56000.501161977874,0
1770189155.000961,0.2080176585941963,56689.26690258063,0
1770189155.078738,0.21531251446874483,58518.294224518686,0
1770189155.1870866,0.21445871740961422,58775.79549818293,0
1770189155.2327967,0.2346543739376673,59637.70718754342,0
1770189155.3115714,0.22594855992831714,60063.30124052946,0
1770189155.388615,0.2280719009210901,60399.56831708109,0
1770189155.4672413,0.23318651801995416,61860.7880202109,0
1770189155.5442567,0.2653104754491409,63121.93252063742,0
1770189155.6250525,0.26295656874895823,62655.18565424706,0
1770189155.700778,0.2579238483251214,62614.89531659657,0
1770189155.777484,0.28958176135205815,62813.18771703007,0
1770189155.8566668,0.28877578410429616,62964.03553123878,0
1770189155.9351914,0.3068014162791656,63375.499628689104,0
1770189156.014625,0.3152000265769406,63521.54421081205,0
1770189156.0915918,0.31116144639121446,63403.007197387575,0
1770189156.1708431,0.33369303545715,63759.76925912651,0
1770189156.2487621,0.31847598983552927,63813.715706880124,0
1770189156.326298,0.33083823764899767,64162.140911532704,0
1770189156.4029179,0.329318578003165,64343.38845766635,0
1770189156.4807632,0.327596408166821,64394.70896426115,0
1770189156.5613115,0.3325038333500926,64353.777617623535,0
1770189156.6393712,0.11914325927997793,63956.953620955166,0
1770189156.7163103,0.21112804269367164,63936.59622068294,0
1770189156.7974117,0.29717895601919825,64039.86050052002,0
1770189156.8747396,0.3094550582853406,64404.351756417054,0
1770189156.9563012,0.3045353893457677,64484.54651766839,0
1770189157.034375,0.319517072175415,64610.54455421123,0
1770189157.1120887,0.32660737298337505,64721.88670659489,0
1770189157.19187,0.32674929015945664,64783.6871165615,0
1770189157.2685933,0.33325272698664515,64790.742171148704,0
1770189157.3481147,0.320146434794063,64635.739540462404,0
1770189157.4248397,0.33798667546033223,64530.73379517245,0
1770189157.5021293,0.3242059003772285,-64473.72084084384,0
1770189157.580807,0.31628803542016404,-64590.73663295361,0
1770189157.6570666,0.33663645050097013,64791.26056921821,0
1770189157.7371628,0.3304663808217352,-64270.7830887976,0
1770189157.8149312,0.3161329017699219,-64038.51694495579,0
1770189157.891026,0.3142401310999454,-64554.84085754433,0
1770189157.9696484,0.3315931395810938,64439.18379355735,0
1770189158.047722,0.3201753388308163,-64622.794962563865,0
1770189158.1260202,0.318749646909599,64395.14826950128,0
1770189158.2342076,0.3381309206198302,64141.143076597946,0
1770189158.280836,0.3384608167621822,64252.77587522133,0
1770189158.3608928,0.33358152125121704,64288.10884524554,0
1770189158.4388285,0.33854752525394516,64751.71907803559,0
1770189158.5177982,0.34059892406443737,64475.364769878644,0
1770189158.5941043,0.33052850428927694,64172.2466653961,0
1770189158.6742904,0.3234291817831446,-64687.294872092934,0
1770189158.7522886,0.3222846140162927,64703.78127392279,0
1770189158.8291335,0.3190754338153913,-64724.862902252426,0
1770189158.9078507,0.3073802208739649,-64623.08522620883,0
1770189158.986535,0.2942625464044797,-64575.66701178181,0
1770189159.06456,0.26911619005148457,64311.900627803414,0
1770189159.1408541,0.280130023843995,64323.9745430514,0
1770189159.2196953,0.31186079549391454,64068.41899740268,0
1770189159.2984195,0.30977182509110646,63974.87040625343,0
1770189159.3759854,0.35410128529817797,63698.72314974791,0
1770189159.4560287,0.34290002686759635,64110.5467131403,0
1770189159.535656,0.3676383334239135,63043.59566875165,0
1770189159.6168647,0.3077753245673915,64019.20620590065,0
1770189159.6904967,0.2695839930935132,63941.137048,0
1770189159.768731,0.28982155470786586,63584.22080953884,0
1770189159.848697,0.28468455320992525,63739.748982952195,0
1770189159.9257991,0.31218277938840167,63995.535421926055,0
1770189160.0040188,0.3479448794830502,64633.12408748152,0
1770189160.0833755,0.33160893223129373,63906.745994949226,0
1770189160.1594057,0.2773530875053982,64507.93084864038,0
1770189160.237702,0.28196183465761937,64356.009982292104,0
1770189160.3153603,0.30579207274622267,64445.37933221956,0
1770189160.3916173,0.305301066797259,64346.00010657026,0
1770189160.4694152,0.3153477157011286,64717.818530233875,0
1770189160.5502918,0.3055122782601244,-64274.75045757815,0
1770189160.6282036,0.3088959225377035,-64247.72959833006,0
1770189160.705181,0.3152615741511419,-64276.654971512726,0
1770189160.7833083,0.30975768219721206,-64169.080629423675,0
1770189160.8624628,0.3273911180348601,-64144.6468641488,0
1770189160.9389613,0.278693773251833,-64235.17205498575,0
1770189161.0217168,0.24223197876799024,-64429.858956248485,0
1770189161.098639,0.2714195428859403,-64250.49521384436,0
1770189161.2073686,0.2747934516504783,64798.889596087174,0
1770189161.251746,0.2911904694133805,-64061.27446680314,0
1770189161.3300884,0.29226232931493723,-64646.181183113826,0
1770189161.4094305,0.2916794771516168,-64727.39620949894,0
1770189161.4870775,0.28957941023225015,64723.938389710274,0
1770189161.5634682,0.32263761750396025,64403.6263607556,0
1770189161.642822,0.15346460502329048,64138.449733332316,0
1770189161.7237937,0.12296027017746726,64515.60004312551,0
1770189161.7985675,0.1823637034966067,64518.70043848283,0
1770189161.8768656,0.2897056621129189,-64281.39384632808,0
1770189161.958877,0.2838591822114891,-64495.15501061804,0
1770189162.0357583,0.3154217723413618,-64287.88255548159,0
1770189162.116878,0.3263338413235417,-64371.824314852856,0
1770189162.193444,0.32043393878818993,-64149.61412684779,0
1770189162.2746122,0.3256377380283031,-63957.31153717332,0
1770189162.3543642,0.3284611852240284,-63952.69968311615,0
1770189162.4322822,0.33052690154855213,-63987.444963214584,0
1770189162.5119946,0.326011260198747,-63987.444963214584,0
1770189162.5842514,0.3162947883395527,-63951.34129991661,0
1770189162.6620054,0.17442338389975204,-63944.858898548235,0
1770189162.7406418,0.10827890864355968,-64425.58494936736,0
1770189162.8239186,0.18991951669966428,-64506.186942208355,0
1770189162.900838,0.2744662952568389,-64622.38371977603,0
1770189162.9769773,0.28751980528896237,-64562.98337101174,0
1770189163.0558481,0.2976613891487151,-64562.98337101174,0
1770189163.1328835,0.3043788428541943,-64587.97651259727,0
1770189163.2048893,0.2770938388998124,-64310.47878651443,0
1770189163.284589,0.2949836112201862,-64332.83010954925,0
1770189163.3644748,0.2956491862884136,-64410.56864152168,0
1770189163.4417338,0.3087135272930187,-64550.41945192624,0
1770189163.5286887,0.30790316581520893,-64571.52120182392,0
1770189163.6041143,0.31115179878222643,-64556.702008166954,0
1770189163.6798334,0.3065786656709315,-64469.166838678255,0
1770189163.758422,0.3018665191050762,-64413.22100051665,0
1770189163.8352363,0.31178281155306775,-64704.32696488403,0
1770189163.915718,0.3115471688754725,64781.749069904305,0
1770189163.993531,0.3166778718308453,-64700.735392485396,0
1770189164.0727618,0.30478295580646286,-64645.706888297456,0
1770189164.1463778,0.31344491903422844,-64546.77571015284,0
1770189164.2560296,0.3046636531640602,-64370.13905718385,0
1770189164.3043084,0.30555297983093377,-64478.988946606056,0
1770189164.38158,0.30408017965065426,-64264.813669582356,0
1770189164.4593828,0.29272457599647195,-64683.889905978154,0
1770189164.534959,0.3034150867936247,-64691.6082404557,0
1770189164.6098692,0.30058977826481675,-64750.60226631572,0
1770189164.6884475,0.3069882174342815,-64697.46682800377,0
1770189164.7686474,0.3083985765892643,-64685.39266289023,0
1770189164.848432,0.30500264269310146,-64770.42833172773,0
1770189164.92896,0.31189023339620925,-64665.40380493599,0
1770189165.0074468,0.3082120091137819,-64740.064565152636,0
1770189165.0833354,0.30968389049135364,64772.592725493225,0
1770189165.160289,0.3122828495615221,-64715.10217278218,0
1770189165.2358167,0.3077820703080675,64747.23191325224,0
1770189165.3119516,0.3077621894310715,64527.04420753071,0
1770189165.3932416,0.2558860133823225,-64687.42666620014,0
1770189165.4731271,0.24057209098094728,64667.86297360883,0
1770189165.5505033,0.2727566300977129,63785.59117363431,0
1770189165.63142,0.2894989349869288,63651.13957496293,0
1770189165.7059095,0.3634159055126839,64070.661339586775,0
1770189165.786434,0.36547551130175004,63699.45198319316,0
1770189165.8633046,0.4171951544157821,63350.00023528924,0
1770189165.9433217,0.40534828592605726,63773.05729044943,0
1770189166.0199413,0.37068651857881474,63424.98197799205,0
1770189166.0960548,0.3189591902468115,63541.38760790602,0
1770189166.1750197,0.3039325912978421,63602.2040922836,0
1770189166.2524977,0.3068674236119653,64626.99648270672,0
1770189166.329847,0.31225167262234493,64363.80077147155,0
1770189166.407123,0.30883429875654944,64712.01174260596,0
1770189166.486222,0.3155866965903861,64720.201176162846,0
1770189166.5644393,0.32492285964710443,-64346.80066378447,0
1770189166.6409004,0.3306404912499381,-64488.71607814474,0
1770189166.7186844,0.32682857282910127,-64569.27751817989,0
1770189166.7972388,0.31134889393472975,-64415.26955067109,0
1770189166.8759959,0.3066355763597569,-64408.30449349504,0
1770189166.96491,0.27083390743326363,-64529.69949485926,0
1770189167.0305698,0.08109793303495642,64783.14333242053,0
1770189167.1116977,0.1935155402881985,-64026.016725562404,0
1770189167.2215242,0.2546203882832927,-64399.266188928355,0
1770189167.2634838,0.27241061131319794,-64732.95415044532,0
1770189167.3454049,0.25980169680800963,64584.327851280665,0
1770189167.4240994,0.27647128289906453,-64693.3989898273,0
1770189167.5030398,0.30394687291982314,64790.81440244703,0
1770189167.5806675,0.3112211999734792,-64668.584775379815,0
1770189167.6567404,0.30841499421991636,-64792.97733625043,0
1770189167.7342086,0.3187299628556335,64793.63196584029,0
1770189167.8143153,0.32333186419629373,-64583.827027049585,0
1770189167.891128,0.3177427448561561,-64775.48337231842,0
1770189167.969616,0.16568445253390712,64673.847449688146,0
1770189168.04542,0.2165530203415233,64690.45320836313,0
1770189168.1237872,0.2675379893458747,64728.442228415224,0
1770189168.2022145,0.3060624538479402,64746.437912875415,0
1770189168.2803853,0.31266424089687994,64799.224905145595,0
1770189168.3599093,0.3089283738923515,-64663.289369477054,0
1770189168.4368482,0.32862809385390246,-64719.96967056597,0
1770189168.5168557,0.3290928722562646,64798.5099575668,0
1770189168.5920324,0.3282192627095116,64586.52600239967,0
1770189168.6713557,0.3282532657390397,64640.85040365845,0
1770189168.7498415,0.32605574704632556,-64688.72821104856,0
1770189168.8297114,0.33120986353327064,-64732.16428393367,0
1770189168.906441,0.32410356365568455,-64565.0558029265,0
1770189168.9836037,0.3254005460279844,-64591.26303334367,0
1770189169.0604107,0.332695328954671,-64376.177238341705,0
1770189169.1416643,0.3365023908043778,-64643.503954360414,0
1770189169.2119553,0.3149201215767111,-64159.91627772552,0
1770189169.2913873,0.3264154722784586,-64463.120981702654,0
1770189169.3696625,0.3246472718933997,-63871.871077179785,0
1770189169.4484994,0.32223669410177747,-64080.923173200055,0
1770189169.5240114,0.28960786708298103,-63752.92827275118,0
1770189169.6013453,0.16172553304086942,-64227.77513721622,0
1770189169.6847491,0.10808659573743191,-64300.160495011696,0
1770189169.7655904,0.2831282607528163,-64664.59377331777,0
1770189169.8418202,0.28450548042033724,-64691.480004678044,0
1770189169.918579,0.30401133841476213,-64341.7509885735,0
1770189169.9956822,0.30875061279303084,-64590.58628378248,0
1770189170.0727916,0.31357861810037374,-64459.46530022141,0
1770189170.1824965,0.3223022569748951,-64394.486243382344,0
1770189170.227256,0.3202206107254585,-64561.29495956964,0
1770189170.304387,0.31409259155980357,-64493.35734581232,0
1770189170.3842597,0.32051405261332483,-64642.1380705309,0
1770189170.4631138,0.3232144832433626,64486.900792523615,0
1770189170.539644,0.32292576326270184,64697.34052345237,0
1770189170.6195817,0.3351961165799393,64494.07452430261,0
1770189170.6954226,0.3136155408557914,64740.82189565801,0
1770189170.7743766,0.3094870884975137,64518.52146892046,0
1770189170.8565156,0.30195027800352015,64410.14907285325,0
1770189170.9316852,0.3078954660924583,64448.65629749062,0
1770189171.0105786,0.30368952901654034,64288.58009632083,0
1770189171.0886154,0.30690609321795026,64380.556655306355,0
1770189171.167852,0.3009126544429348,64456.571139904634,0
1770189171.2417312,0.3075014169652903,64466.2291958959,0
1770189171.3179023,0.2919378615488236,64034.0752876215,0
1770189171.3952396,0.3141443435335034,63513.70778437864,0
1770189171.4749749,0.2577068447722952,62739.493042711525,0
1770189171.5527785,0.2719058920177722,63075.55721387379,0
1770189171.6346083,0.27853796519834606,62872.48042313973,0
1770189171.7063043,0.24940942331098265,62210.2206663042,0
1770189171.7847047,0.2671803216845467,62280.20716069069,0
1770189171.8614588,0.2632545760099166,62140.8538312268,0
1770189171.9407966,0.2482398999287287,61409.546204649356,0
1770189172.0193515,0.2329743710816828,60619.646055776575,0
1770189172.0958896,0.26197204813171526,60251.051277821774,0
1770189172.1768792,0.24110449087160968,58530.78236238141,0
1770189172.2543871,0.21348009247784366,58706.82263774901,0
1770189172.332264,0.16998980469293423,56236.259803304565,0
1770189172.411441,0.1511667160268631,55393.49003098223,0
1770189172.4896538,0.18326146012117267,54599.93223517363,0
1770189172.5672596,0.2591017858470154,53171.87617316477,0
1770189172.6456814,0.24835361577605414,50783.61238825539,0
1770189172.7240167,0.23456345311306992,51089.09815063529,0
1770189172.802734,0.1742843902985366,51726.04273423732,0
1770189172.8761873,0.14842777247535616,54481.05784194236,0
1770189172.9558616,0.17464236539025452,54833.07432225013,0
1770189173.034645,0.20478612472973695,57971.51675352804,0
1770189173.112917,0.22918547782132764,58868.71123660726,0
1770189173.2211332,0.23428077050199048,60003.25575639028,0
1770189173.2686477,0.24196669767393686,60637.43412428417,0
1770189173.3466117,0.2381007038204062,61332.426766634424,0
1770189173.423937,0.25850994180430764,61458.81769592971,0
1770189173.50131,0.2616336524643161,61372.313246465776,0
1770189173.579464,0.25976490241276784,62027.6017108689,0
1770189173.6575851,0.26972608115228913,62672.581241976055,0
1770189173.7363374,0.26689697695974546,63602.88239390658,0
1770189173.8141007,0.28534937284896805,64055.880893773094,0
1770189173.893441,0.2876543634874624,64226.48052700278,0
1770189173.9716735,0.2843660781919013,64660.26741835382,0
1770189174.0485284,0.2993497998224452,64547.56806773215,0
1770189174.128015,0.3262692368059865,-64366.66595198761,0
1770189174.2070618,0.3077148934202377,-64249.147081939256,0
1770189174.2843776,0.3213883667448599,-64475.48708765606,0
1770189174.3602867,0.333364910323108,-64562.944146337206,0
1770189174.4403055,0.34326688901618285,64690.176739336406,0
1770189174.5172548,0.3341888988947948,64407.012179661855,0
1770189174.5954974,0.029328305594554904,64014.128053932356,0
1770189174.6773615,0.03521710423113456,64284.07325294,0
1770189174.7514064,0.240061820121908,64498.71733397845,0
1770189174.8294127,0.2804084090157848,64547.4296660921,0
1770189174.907747,0.30262356397884604,64575.79200623466,0
1770189174.986089,0.3159450588426884,64266.50306872769,0
1770189175.0633636,0.2978722549748797,64570.435907644685,0
1770189175.1424675,0.053181098078936145,63736.33326122792,0
1770189175.2203455,0.05001367385589477,64178.99337358041,0
1770189175.2982752,0.09543590455102065,64295.52156510713,0
1770189175.3756018,0.1894290614706732,64548.421872105195,0
1770189175.4540095,0.25426731098161587,64416.28612158966,0
1770189175.531035,0.31552885941885267,64485.04694749022,0
1770189175.611942,0.32190315722195767,64494.053348810834,0
1770189175.6909063,0.3293265691329844,64756.78095013921,0
1770189175.7665322,0.31900394816125277,64657.5151048507,0
1770189175.843949,0.3330576889585767,64445.17198326189,0
1770189175.921129,0.331630402939482,64388.61106537473,0
1770189175.9991336,0.3362540951986427,-64042.475945635924,0
1770189176.0883594,0.3478550134121915,-64554.345543170224,0
1770189176.191873,0.3393341423349753,64665.713936443375,0
1770189176.2368472,0.3657910508946718,-64582.042423248036,0
1770189176.3160934,0.38362751164401926,36674.69242256769,0
1770189176.3958447,0.353986537347145,52031.20706406067,0
1770189176.4735017,0.3423712494026607,-60643.31195405162,0
1770189176.55019,0.40974291208194913,-63582.945323135704,0
1770189176.6263318,0.39976945352560134,-63326.59333721475,0
1770189176.7039104,0.36263538605073703,-62787.90896820721,0
1770189176.780803,0.3405663991250975,-62937.90279790373,0
1770189176.8587635,0.34190372837446437,-61923.477567165675,0
1770189176.9382515,0.30714293363654727,-61898.6400195233,0
1770189177.0174365,0.32070739007573734,-62477.77505077422,0
1770189177.0956683,0.34554718883354946,-62453.375581083834,0
1770189177.173653,0.30798615833168996,-62765.78411781747,0
1770189177.2538936,0.27198650606726205,-60441.2898065517,0
1770189177.3309944,0.3181052817296922,-59989.150136528835,0
1770189177.4066124,0.36413686809043033,-62124.10515640073,0
1770189177.4863486,0.34462378681330186,-62037.983527937926,0
1770189177.5671291,0.30741419975448575,-61448.2257666519,0
1770189177.644517,0.326869455322694,-62023.66631367957,0
1770189177.7213085,0.3055461827285555,-61855.863475051454,0
1770189177.7974617,0.3265630763521742,-62132.61609305706,0
1770189177.8773298,0.315175555830915,-62358.66273841963,0
1770189177.955336,0.3621491708297646,-62846.0505428024,0
1770189178.03498,0.3667446002956465,-62861.1159788908,0
1770189178.1138573,0.356636288052957,-62560.25553999733,0
1770189178.190592,0.34619158642649595,-64039.464111608606,0
1770189178.2711256,0.38075146225634515,-63524.6830363465,0
1770189178.3487809,0.39553173887616716,64545.24710624376,0
1770189178.4247265,0.37027093758009344,64035.91888733999,0
1770189178.5061193,0.3838777828383637,64106.77706231731,0
1770189178.5854256,0.35878225997970964,63957.52939537373,0
1770189178.6620455,0.330521881695913,63604.52794279749,0
1770189178.7374842,0.3480690596162028,63960.85051024946,0
1770189178.8159132,0.3265823676213593,64213.24153236695,0
1770189178.894169,0.3457860557739136,-64584.188046628595,0
1770189178.9714444,0.3382322034609625,-64758.395844630366,0
1770189179.0496535,0.34235525245636644,-64790.31634060787,0
1770189179.1309547,0.32982464139007,-64343.998129588545,0
1770189179.238895,0.330994687752809,-64717.49433124057,0
1770189179.2888718,0.33960563338414756,-64103.0040924719,0
1770189179.3673077,0.3494234406242772,-63623.95193011835,0
1770189179.4469624,0.3301141786167939,-63925.2332259764,0
1770189179.5209486,0.3365457224977897,-64505.60588016175,0
1770189179.6004004,0.3270425588753894,-64470.90843639498,0
1770189179.6801085,0.33759738025724484,-64578.45876063161,0
1770189179.7557242,0.345692403866539,64747.32815104964,0
1770189179.8333256,0.32800781678611834,-64639.689687265185,0
1770189179.9113376,0.3303477704557078,-64311.32212630285,0
1770189179.990145,0.32853033877435645,64534.693791162914,0
1770189180.0690625,0.33160483823734166,-64620.42617407929,0
1770189180.147131,0.3340915905484163,-63891.36535471483,0
1770189180.223983,0.33973735891248913,64376.56505757885,0
1770189180.301434,0.336783236589923,-60136.5054249945,0
1770189180.3782835,0.21506555995333032,64118.14827426728,0
1770189180.4579349,0.2335848969281084,64331.72838485706,0
1770189180.536935,0.299436920610061,-62465.951262994015,0
1770189180.6146317,0.2995965806926022,64193.74888168904,0
1770189180.6920161,0.3184081455462497,64744.27945562876,0
1770189180.771111,0.332426392852884,-61884.26315988697,0
1770189180.848909,0.3489054046986786,-64211.17173929469,0
1770189180.9279575,0.36734490275729015,-64331.87643321049,0
1770189181.0042555,0.3676000312662992,-64051.03385344672,0
1770189181.082375,0.37912159695363234,-64088.907250556564,0
1770189181.1606028,0.39730394132868646,-64119.23574842329,0
1770189181.2367377,0.3543503798899671,-63938.56474073047,0
1770189181.315211,0.3506429403249423,-63998.248744883866,0
1770189181.3929477,0.05824987163523461,-64114.43333070448,0
1770189181.4735713,0.10710839639375555,-63824.364733836526,0
1770189181.5521052,0.2608700118919023,-64197.63507761185,0
1770189181.6285968,0.26397227808871865,-64162.9340393718,0
1770189181.7088065,0.27825650743154495,-64268.328744817336,0
1770189181.7866447,0.31481210716902835,-64694.34653634481,0
1770189181.8652477,0.3335537630125692,-61881.24064174081,0
1770189181.9445472,0.29689098643546386,64274.8699226639,0
1770189182.0234287,0.2938049521563174,64449.31070995562,0
1770189182.1012435,0.34065332530854064,-64027.49734822718,0
1770189182.210992,0.32383636350846,-64253.576349069874,0
1770189182.254898,0.32078979292536774,-64354.61354415692,0
1770189182.3382034,0.04975467094706583,64616.147683301286,0
1770189182.412954,0.06856210174658617,64617.81402937538,0
1770189182.4883041,0.28647597520232004,-64492.80562220759,0
1770189182.5660405,0.2932524607968888,-64662.27942251085,0
1770189182.6458018,0.34887681052124125,-64591.652909787605,0
1770189182.7227497,0.3485714481062188,-64768.21160152044,0
1770189182.8030717,0.3351343385098614,-64515.50926745177,0
1770189182.8781352,0.3399925294218281,-64143.45230073408,0
1770189182.9580038,0.34411678035023985,-64117.41330163681,0
1770189183.0360522,0.3602124437304315,-64250.46314191921,0
1770189183.1114233,0.32894744000728915,-64414.37283177717,0
1770189183.1896145,0.3093134127197408,-64779.21995910912,0
1770189183.2695174,0.3231496692507634,64793.292796154776,0
1770189183.3490827,0.29071554512744235,64774.4458806316,0
1770189183.4264333,0.3208669954866401,-64324.88478967278,0
1770189183.503927,0.315919416748656,-64628.86099090631,0
1770189183.582293,0.3118443864332784,-64546.57253274616,0
1770189183.6624408,0.32455871599512504,-64585.30377609848,0
1770189183.739194,0.31739255573375813,64645.30416923729,0
1770189183.818624,0.315671188360924,64595.75292145959,0
1770189183.897247,0.34099243757961506,-64698.048789442546,0
1770189183.975655,0.3354727776673223,64570.547110989355,0
1770189184.0539439,0.33702071431699654,64322.818476507164,0
1770189184.1297786,0.33549890050307607,64456.73850145236,0
1770189184.2078366,0.3409828192980065,64349.97504733924,0
1770189184.2867436,0.3507759672466937,64310.83369225299,0
1770189184.364463,0.3375313391473111,63930.94298368989,0
1770189184.4408753,0.34707272761845465,64533.01146351996,0
1770189184.519234,0.34465346209457226,64403.953673060154,0
1770189184.6097152,0.34838928225796206,64621.50938837858,0
1770189184.6809962,0.3653121147863486,-64583.082221412194,0
1770189184.754221,0.36237478557927194,-64365.36653459859,0
1770189184.8308938,0.3587250129181817,-64570.43488526151,0
1770189184.908951,0.36359636312760385,-64583.35708721975,0
1770189184.9879925,0.3588444963353058,-64741.24781861293,0
1770189185.0655308,0.3634011960873095,-64582.21435572272,0
1770189185.144198,0.36212948685989965,-64443.19806481051,0
1770189185.2535052,0.35586037475934396,-64605.06702266225,0
1770189185.2997181,0.3604359722730198,-64603.8977608555,0
1770189185.376762,0.36214145876007586,-64683.170039627636,0
1770189185.4572394,0.3605074060348552,-64507.9870478334,0
1770189185.5342135,0.3627517008616121,-64268.52992751189,0
1770189185.6139114,0.3552292857337821,-64194.740945836624,0
1770189185.6930792,0.3522794117807985,-64676.155191569356,0
1770189185.7716982,0.053494611331892025,64595.95090288238,0
1770189185.8503869,0.05211331256902774,-64759.67878437233,0
1770189185.9289222,0.2686212779173405,-64683.69132069889,0
1770189186.0095599,0.2894201325818967,-64266.169726775865,0
1770189186.083497,0.31108500310767756,-64433.030368608925,0
1770189186.163334,0.3116259286899351,-64646.69991012804,0
1770189186.2424917,0.31421941592258895,-64588.00382987203,0
1770189186.31976,0.324321411565434,-64767.7897083719,0
1770189186.399413,0.32199187503255955,-64416.4386812965,0
1770189186.4789326,0.2943028824127034,-64603.1560210452,0
1770189186.5560777,0.30755237616714104,-64734.289692002145,0
1770189186.6338618,0.31771330193333486,64556.16675255898,0
1770189186.7124429,0.3300950154257811,64426.13386739739,0
1770189186.790479,0.3155495057710641,64532.42891341649,0
1770189186.8670557,0.306929583856564,64635.047616088326,0
1770189186.944551,0.3282415253454565,64010.23141562678,0
1770189187.0251956,0.33838660665106296,64557.282428427505,0
1770189187.1002202,0.33829558183386405,64396.013739860166,0
1770189187.178923,0.31493799403333866,-64744.033609184764,0
1770189187.2588277,0.31505575332587593,-64744.95415179455,0
1770189187.3377612,0.32861801784807,64675.11077665915,0
1770189187.41563,0.3112769851151084,64622.5559899724,0
1770189187.4937735,0.31587808059157607,64572.37002949932,0
1770189187.570965,0.32570609635885817,64661.09961009009,0
1770189187.6497242,0.30621988568946695,64648.81044247344,0
1770189187.7270234,0.3113130738504506,64684.50848115072,0
1770189187.8044972,0.3024966013693249,64483.144411255504,0
1770189187.8849325,0.3014575252640918,64254.05302938462,0
1770189187.9618258,0.3177255451018263,64644.11886235419,0
1770189188.039675,0.3075988172532339,64789.26527479758,0
1770189188.117032,0.3078279157078787,64575.69649906701,0
1770189188.2335415,0.3070465881470162,-64641.53363020858,0
1770189188.282557,0.3046037204823637,-64781.430601336266,0
1770189188.355006,0.3070107470962855,-64720.96855580686,0
1770189188.4376478,0.3079765181921321,-64700.59948807754,0
1770189188.5157301,0.3104345957262687,64623.78243571215,0
1770189188.586272,0.30032925213938094,64569.85671272475,0
1770189188.6739106,0.2914869232795501,-64724.28912946627,0
1770189188.748432,0.2970179167388396,-64637.24189123562,0
1770189188.8251963,0.3056122006571791,-64538.44189744513,0
1770189188.9027653,0.3078844192526943,-64691.48938083515,0
1770189188.9831014,0.33047675315161384,-63962.278541791085,0
1770189189.0569558,0.32947568306449637,-64135.227515311475,0
1770189189.1351833,0.34959106857845335,-63785.44677874715,0
1770189189.2123804,0.3252549590601259,-63911.35813380831,0
1770189189.291418,0.31968754284459655,-64378.459787775755,0
1770189189.369569,0.3186546410199452,-64295.06279563532,0
1770189189.448103,0.31590713520427627,-64055.813537428985,0
1770189189.5368104,0.3155217520936415,-63846.8779218515,0
1770189189.6116805,0.33064727008692585,-64022.31263627173,0
1770189189.6851585,0.32924641710597036,-63730.50759087255,0
1770189189.762805,0.32607819108650526,-64003.46594579611,0
1770189189.8381562,0.30007477459637766,-63931.18776277166,0
1770189189.9213398,0.298673729722997,-63956.46640067894,0
1770189189.989686,0.32097183677327035,-64109.18841627811,0
1770189190.0804775,0.3063617145135592,-64349.9726048161,0
1770189190.1458347,0.3206389855529816,-64478.982362122406,0
1770189190.2237153,0.30827742633631783,-64510.32996776843,0
1770189190.3024318,0.30615668362533377,-64405.732147324125,0
1770189190.3786528,0.30182694357773765,-64656.054103445626,0
1770189190.459098,0.28952863552918573,-64326.12829936844,0
1770189190.5354056,0.30338151308332373,-64725.218728550484,0
1770189190.6304805,0.304914680689369,-64725.831267498594,0
1770189190.6946397,0.30085749728348476,-64322.710399622054,0
1770189190.7747228,0.312406562430411,-64616.46353780482,0
1770189190.845788,0.3080085672497378,-64579.41815843358,0
1770189190.9300447,0.3002751967268648,-64637.08395061952,0
1770189190.993886,0.30336316624956283,-64446.522212929456,0
1770189191.074789,0.30099296502427264,-64647.41713306972,0
1770189191.2776356,0.2978512934457357,-64671.56479420627,0
1770189191.3213677,0.06862046063828932,64578.52645467453,0
1770189191.3984277,0.08489317470413243,-64336.36291858336,0
1770189191.4775248,0.2144935100750004,-64597.83375916164,0
1770189191.554112,0.25140215548598904,-64659.50511049521,0
1770189191.635608,0.26143034692053335,-64632.180221857256,0
1770189191.7090936,0.2732377471452753,-64554.60450480017,0
1770189191.7867038,0.27983023317365996,-64588.98240177788,0
1770189191.8617184,0.2891873966037841,-64284.02267832183,0
1770189191.9439104,0.2821056115920636,-64173.587009321,0
1770189192.0209682,0.2892813387619682,-64526.38521747365,0
1770189192.1073837,0.29340679952557586,-64340.12770264562,0
1770189192.18075,0.2930178788231485,-64500.54836692764,0
1770189192.2566388,0.29627670135932527,-64416.596997295615,0
1770189192.3323755,0.29081457498332175,-64465.50384043075,0
1770189192.4102354,0.28286339293044305,-64541.12958006116,0
1770189192.4917314,0.2946481578215877,-64462.889534553455,0
1770189192.5665283,0.2877790578949093,-64767.45287994533,0
1770189192.6537864,0.2881950467083544,-64609.18558953174,0
1770189192.723382,0.30475716516508444,-64222.17715594844,0
1770189192.8046236,0.29276113237096424,-64768.97467321574,0
1770189192.8847146,0.2981859503909196,-64495.22975634654,0
1770189192.9643428,0.2840830349696938,-64521.70264321828,0
1770189193.034393,0.2966687101253902,-64327.13916071265,0
1770189193.1185737,0.29781907936345564,-64603.863805343804,0
1770189193.1965826,0.2958749849894524,-64540.883761774814,0
1770189193.2737796,0.30210873097067203,-64512.66614107099,0
1770189193.3486543,0.29354736596396946,-64727.30585001107,0
1770189193.4337227,0.297596869153293,-64379.17042013809,0
1770189193.5045533,0.2916418198663875,-64343.32265023593,0
1770189193.5858285,0.3116464654309305,-64074.24237266227,0
1770189193.6623511,0.3068777807716078,-64233.72172258178,0
1770189193.7477028,0.29667422203322436,-64295.99187344167,0
1770189193.8302014,0.29973791786482484,-64295.99187344167,0
1770189193.899214,0.30054607961710456,-64400.13891497044,0
1770189193.9771473,0.3045216608866023,-64073.630304343525,0
1770189194.0558453,0.2993335321827497,-64321.34878998983,0
1770189194.138158,0.31075380699463706,-64302.377450951935,0
1770189194.2083569,0.30720864862120567,-64329.32397283399,0
1770189194.3185806,0.3034394676346256,-64433.56181023145,0
1770189194.3670573,0.2896632298385379,-64321.34878998983,0
1770189194.4456985,0.2952341219362158,-64277.98060807019,0
1770189194.5183134,0.28609563174386454,-64429.94002001116,0
1770189194.6074054,0.29209267861934124,-64480.86985103338,0
1770189194.6824691,0.27315416592938274,-64494.857767504574,0
1770189194.7578268,0.28434795854772904,-64261.92206131144,0
1770189194.8431017,0.29678141404764846,-64338.01701154759,0
1770189194.9085062,0.29844586400489503,-64338.01701154759,0
1770189194.9862719,0.2923116898048064,-64611.570462611795,0
1770189195.0670803,0.29425737427895265,-64506.16307685626,0
1770189195.1458235,0.2875349833947987,64778.1948580938,0
1770189195.2245398,0.2908762928958962,-64581.81442596614,0
1770189195.303919,0.29519389521248307,-64575.5139497729,0
1770189195.3808582,0.2967483426497197,-64636.08998991558,0
1770189195.4586666,0.28693425289026375,-64636.08998991558,0
1770189195.5642517,0.2866791738790666,-64611.26248822812,0
1770189195.6247594,0.2876675508862798,-64494.983671851165,0
1770189195.7027924,0.30134514940238016,-64397.2483673306,0
1770189195.7973015,0.2949785244978795,-64586.41387313684,0
1770189195.8548493,0.29401038419205594,-64700.170116203604,0
1770189195.9373715,0.2917099859570568,-64720.311853167215,0
1770189196.011405,0.2978895048734339,-64413.198845914114,0
1770189196.0869207,0.2991254656841269,-64449.90773415382,0
1770189196.166645,0.2946177529269505,-64319.23980762025,0
1770189196.2431202,0.2924286899149597,-64541.27606803678,0
1770189196.3213603,0.2957127447481643,-64511.56531284687,0
1770189196.3998892,0.29962474445662834,-64707.61901963358,0
1770189196.476113,0.29491033268708405,-64254.68939170036,0
1770189196.5521731,0.3060866127828288,-64151.8894117057,0
1770189196.6329916,0.29942534896563877,-64142.72412661957,0
1770189196.709743,0.2989213420523854,-64536.91105005895,0
1770189196.787167,0.2916034799904842,-64290.87624946224,0
1770189196.8667753,0.2907977067761166,-64326.40396867284,0
1770189196.943868,0.2826203572296595,-64142.72412661957,0
1770189197.027538,0.29568458062026703,-64205.84389365313,0
1770189197.1006577,0.29142633180765837,-64377.5479049993,0
1770189197.1782255,0.28825887667896016,-64073.832781909725,0
1770189197.2887928,0.2892495939051016,-64476.84734954385,0
1770189197.333841,0.2828075338128348,-64002.29387918229,0
1770189197.4120805,0.294494774498815,-64106.693025652996,0
1770189197.490439,0.2902171594281894,-64141.40633612472,0
1770189197.5780993,0.29846172383581604,-64006.47155303959,0
1770189197.6375167,0.28803341383192593,-64142.84002352875,0
1770189197.712005,0.2979220073098372,-64054.32105729552,0
1770189197.790745,0.24118277354716405,-64008.892717536735,0
1770189197.8551264,0.24999232483326062,-63933.41811991531,0
1770189197.932759,0.2659725017472478,-63623.93874763345,0
1770189198.0121818,0.2974758541783926,-63659.21205236349,0
1770189198.0880704,0.3154757669718806,-63723.23334726847,0
1770189198.171017,0.31026602067988707,-63697.569484978085,0
1770189198.2474687,0.3118850746774741,-63992.06438992838,0
1770189198.323769,0.31541189753022697,-64000.12442124862,0
1770189198.4000592,0.3126794896902886,-63601.2865595856,0
1770189198.4776058,0.311689149616564,-63986.787839706965,0
1770189198.556934,0.31828643968795467,-64022.88378423774,0
1770189198.6349657,0.09526577949799442,-64389.039154809485,0
1770189198.7134814,0.0866601155258263,-64071.36362062402,0
1770189198.794563,0.10112904317122162,-64170.99662664065,0
1770189198.8709826,0.2225794598752905,-63754.685628961415,0
1770189198.9455914,0.25769360527585095,-63878.53923007575,0
1770189199.0244412,0.25620963056564816,-63619.264603927186,0
1770189199.104309,0.27196789573666036,-63596.070285977075,0
1770189199.1809125,0.2945445237487324,-64127.1629870215,0
1770189199.2601843,0.30087624519463235,-63772.05067107879,0
1770189199.3388033,0.30269519129863937,-63570.23950816138,0
1770189199.4170773,0.30785931460381777,-63584.71767920456,0
1770189199.494203,0.30795513275530806,-64048.63152241141,0
1770189199.5742717,0.31296393948579493,-64116.23331033618,0
1770189199.6500008,0.3060496773115153,-63643.04117586285,0
1770189199.7311118,0.3075498366044302,-63764.4546910838,0
1770189199.8117611,0.30496955702379935,-63945.525527851154,0
1770189199.8857338,0.30076939914214373,-63972.43967654423,0
1770189199.964523,0.30135146461463136,-63781.50063193308,0
1770189200.0438282,0.29844916267898647,-63884.03863957193,0
1770189200.118603,0.3108017108167783,-63996.39506486149,0
1770189200.199703,0.29465216291169843,-63924.664904811296,0
1770189200.3355086,0.28932350917021865,-63776.08981381481,0
1770189200.369458,0.30203413560650477,-63794.14254656508,0
1770189200.4609077,0.30232544895930347,-63798.55560095306,0
1770189200.517632,0.30015758346380633,-63868.6710563637,0
1770189200.6099339,0.28544278109585686,-64134.27867397341,0
1770189200.6857386,0.2939285052082225,-64240.78380908842,0
1770189200.7646215,0.31666728950971146,-64565.67206404979,0
1770189200.843897,0.3060307821427727,-64404.55327248628,0
1770189200.9177847,0.2685656906220863,-64398.65194918595,0
1770189200.9940841,0.2636921684990984,-64367.74815170543,0
1770189201.0761352,0.30775010384756807,64537.31100929069,0
1770189201.152998,0.2978022696551237,64680.40149356464,0
1770189201.2274108,0.2987569035950255,-64568.47866738236,0
1770189201.3041232,0.28653251730889595,-64491.28250404945,0
1770189201.3838696,0.30245659289798954,-64356.64387930945,0
1770189201.457098,0.32943308660518555,-64208.127180723815,0
1770189201.535836,0.3252441066117042,-63966.138507380674,0
1770189201.6145055,0.3414146782449602,-63549.293950390886,0
1770189201.6920536,0.34475846050661163,-63570.89945034239,0
1770189201.770237,0.34097713627372817,-64273.19188556085,0
1770189201.8502753,0.33773156562640344,-63810.108681664664,0
1770189201.9262686,0.34397586739655517,-63819.08844910897,0
1770189202.0047238,0.3429398273045878,-63463.8424023369,0
1770189202.0833523,0.34633970706716255,-63579.01762976412,0
1770189202.1604044,0.3399499223093032,-64008.37958016204,0
1770189202.2382536,0.3379256672476164,-63477.965931338505,0
1770189202.3172765,0.33167151676477813,-63602.24802397213,0
1770189202.3943207,0.3343054087833719,-63747.35105709399,0
1770189202.4727979,0.3242589018866531,-63909.62561753265,0
1770189202.5501027,0.3174378817790344,-64026.939265186105,0
1770189202.6307547,0.3040047602251925,-64433.97837424434,0
1770189202.7084897,0.3192592582390298,-64149.04114404831,0
1770189202.7844527,0.3194622292825912,-64404.23427034537,0
1770189202.8641062,0.31792269741300627,-64716.141867681836,0
1770189202.9421349,0.31775395247578264,-64477.98014179088,0
1770189203.0218189,0.32397029160583435,-64699.06332403571,0
1770189203.0973508,0.3197858669052368,-64699.06332403571,0
1770189203.1845589,0.3347608067681644,64736.07630308294,0
1770189203.291719,0.3401033442657307,-64743.612935174766,0
1770189203.319797,0.3538047589597821,-64710.25007748052,0
1770189203.3962572,0.3469040473260546,-64576.67047763984,0
1770189203.474236,0.3435657145318054,64768.901097084716,0
1770189203.5518029,0.3482263253370891,64768.901097084716,0
1770189203.632725,0.34721217665324794,64633.63698645457,0
1770189203.7069154,0.3478034067069713,-64523.281307870704,0
1770189203.7853963,0.34191644620554684,-64667.47528126732,0
1770189203.8693745,0.335843970430987,-64652.86319972195,0
1770189203.9424088,0.3398190251905704,64690.6683253514,0
1770189204.0225477,0.3324549020457449,64509.81979987812,0
1770189204.0972505,0.3324957941455678,64523.43731391093,0
1770189204.1747997,0.3253223083753678,-64771.8218920711,0
1770189204.2524068,0.34021628984851615,-64483.86647234627,0
1770189204.3312857,0.33983109850082394,64781.27634346593,0
1770189204.4100065,0.3582065999529191,-64340.81023600788,0
1770189204.486611,0.35083407723946514,64740.65667706545,0
1770189204.5648863,0.3524865571789777,-64415.90811471224,0
1770189204.6411428,0.35651836145946014,-64448.74789562729,0
1770189204.72119,0.35252289128748815,-64619.97995556814,0
1770189204.7982116,0.3488166354833795,-64619.97995556814,0
1770189204.878143,0.3458196907352229,64767.036548272146,0
1770189204.954719,0.16257353483992637,-64645.68858956181,0
1770189205.0295532,0.2537349402933493,64642.63714454573,0
1770189205.108544,0.31190569222691744,64689.64658350746,0
1770189205.1847851,0.3233119381007451,-64433.9698026361,0
1770189205.2631874,0.3312240541328564,-64652.58528319752,0
1770189205.3410225,0.3293824842432205,-64675.202711267106,0
1770189205.4205987,0.33376835049929154,64692.01633123186,0
1770189205.5009742,0.34223513526386584,64658.38401896002,0
1770189205.5774477,0.3671914187716493,64753.211200817444,0
1770189205.663347,0.3535026530016543,-64207.781124558765,0
1770189205.737199,0.3523408097167319,64774.4250200301,0
1770189205.8150854,0.34275727987117294,-64537.95799663769,0
1770189205.893587,0.3434711888974513,-64401.72343571383,0
1770189205.975601,0.32933709048046855,63955.84800740973,0
1770189206.0446818,0.3316182969020962,64222.78041742865,0
1770189206.1228836,0.31562587104906503,64502.28989316335,0
1770189206.2074125,0.33452088231566734,64696.982572607834,0
1770189206.3097022,0.3033487097069756,64302.43042283336,0
1770189206.3591971,0.30377069398071055,63823.08869887453,0
1770189206.4352694,0.3079739314225462,64049.26471880374,0
1770189206.5145786,0.3138669820931611,63422.65294920464,0
1770189206.5906265,0.3177273499440898,63683.3581338752,0
1770189206.6673865,0.3391757693404519,63614.630507148504,0
1770189206.7486987,0.3326336282662695,63624.347039486995,0
1770189206.823882,0.3291424092132499,63481.92996401644,0
1770189206.9039285,0.3158686798797642,63536.663446991864,0
1770189206.9806643,0.3250678285117511,63321.79025817885,0
1770189207.0614133,0.2931611780094247,63534.45209340424,0
1770189207.1372962,0.29194192991733325,62721.686832440595,0
1770189207.215534,0.30537929522440244,62364.07210708181,0
1770189207.293266,0.2821238200746832,61957.94134458838,0
1770189207.370086,0.28928973459268437,60272.98709049861,0
1770189207.450646,0.28635411488712703,59798.34027026273,0
1770189207.5283659,0.25455534749959197,57962.46610199398,0
1770189207.6057332,0.2532342552225808,57543.062669351915,0
1770189207.6835222,0.21602518613521304,56556.78380603852,0
1770189207.761945,0.23984559898336855,55802.5307892641,0
1770189207.8391087,0.25041002689822783,56136.73802020091,0
1770189207.9191616,0.22981340395547123,57966.50572593708,0
1770189207.9983559,0.22509575552330183,57803.18475188068,0
1770189208.0759137,0.18399990000802705,59269.142292470475,0
1770189208.1539085,0.23075594882425185,61283.55425778243,0
1770189208.2341306,0.2603352593718126,62330.78043696332,0
1770189208.309721,0.257156069798115,62778.1701863745,0
1770189208.3904867,0.2762461390940965,63571.42084061005,0
1770189208.4681654,0.2865792541113208,64101.89773772489,0
1770189208.54623,0.3000319315731425,-64079.58038965244,0
1770189208.6242895,0.3134977069593826,-63961.31101188497,0
1770189208.703767,0.321787677026834,-63940.59111507652,0
1770189208.7810922,0.33182237610119747,-63750.88437375208,0
1770189208.8599284,0.3369209772576276,-64151.540407820954,0
1770189208.9367177,0.333287942391857,-64310.1221497898,0
1770189209.0154302,0.33648881817070814,-64270.49172403149,0
1770189209.0943456,0.3220481650958833,64126.66843553891,0
1770189209.1711698,0.34636527704029346,-64162.66606426033,0
1770189209.2824714,0.33645861036883173,-63510.56264663406,0
1770189209.3284628,0.34411754028887925,-63626.86897355395,0
1770189209.411146,0.3378967103990275,-63516.904824386475,0
1770189209.486012,0.3472118133009164,-62954.334988415096,0
1770189209.5652955,0.35065271331937076,-62943.75697186623,0
1770189209.6421375,0.3395241368626121,-62745.17890402778,0
1770189209.721419,0.35094143059759264,-62344.20472562929,0
1770189209.7993705,0.3414256528298786,-62250.65029694839,0
1770189209.8747559,0.3430184070979798,-62538.56502515314,0
1770189209.9537172,0.34558952601325066,-62453.603219795965,0
1770189210.030467,0.34161618845030084,-62320.9640903845,0
1770189210.1085002,0.3545975860491012,-62045.653366066355,0
1770189210.1871543,0.3039019526406054,-62714.862954257886,0
1770189210.266852,0.31283953738373876,-62569.477163833275,0
1770189210.3439415,0.31138849038891303,-61915.61343549698,0
1770189210.4233263,0.33519705266651806,-62239.95723002247,0
1770189210.5023048,0.33768224824780324,-35947.145609646126,0
1770189210.580887,0.33752114247370457,-63200.18481995489,0
1770189210.6585298,0.3310349605864181,-35834.24890450296,0
1770189210.736105,0.328120895586672,-35867.76370947797,0
1770189210.8160684,0.3368418950575017,-35825.692690322736,0
1770189210.897225,0.3338811966487588,-35853.5337022414,0
1770189210.9752882,0.3316540575756486,-64545.63119678,0
1770189211.052062,0.3263335310964486,-64726.16080165015,0
1770189211.1321938,0.33892652372114107,-63717.2978193155,0
1770189211.211179,0.3212493013179624,-64417.773367408416,0
1770189211.2865012,0.3320981469510468,-64111.29066211502,0
1770189211.3645058,0.3261106720652991,-62985.71730845941,0
1770189211.444011,0.3235701849101311,-63657.08280979271,0
1770189211.5223365,0.3160505232542405,63049.41196138697,0
1770189211.5975838,0.31024926656573537,64658.54725483828,0
1770189211.6768277,0.3273838390770427,-64343.616868101795,0
1770189211.7659361,0.3213448047679259,-64583.4335962644,0
1770189211.83563,0.3209123637031228,-64319.69199009914,0
1770189211.9154563,0.3254574238020186,-64599.38789653679,0
1770189211.9956574,0.3183911553031301,-63860.09158049743,0
1770189212.074034,0.32567052035268207,-64002.75176810961,0
1770189212.1492705,0.3206306326999686,-64019.12455313907,0
1770189212.2589087,0.3060499895888872,-64274.51323393574,0
1770189212.3061445,0.3184796237783133,-64086.35939691224,0
1770189212.3875399,0.30795646428223733,-64231.98008813899,0
1770189212.4643369,0.3057508169434733,-64278.335656461895,0
1770189212.5373383,0.2970563386563037,64568.422316327014,0
1770189212.6151164,0.3226596717749333,63930.64939237925,0
1770189212.6903644,0.33843361765093016,63596.19139369854,0
1770189212.7684374,0.3276953323440247,63758.969619020594,0
1770189212.854112,0.3367087520233017,63764.43816148669,0
1770189212.9235842,0.3119471443331939,63881.2614382468,0
1770189213.0005789,0.32371452929036015,63777.97383163418,0
1770189213.0798597,0.3100591831304281,64029.42010287269,0
1770189213.1599324,0.31623015935386833,64139.18652750352,0
1770189213.2360454,0.3165159988153223,64152.45645751715,0
1770189213.3140316,0.3122208847025077,64082.407095623974,0
1770189213.3932133,0.3085247026067216,63961.383193989204,0
1770189213.4702687,0.24464442006485287,63906.50544688569,0
1770189213.5474308,0.241347153306109,64362.979394073416,0
1770189213.6258605,0.3028093386299537,63744.99015111303,0
1770189213.7041728,0.3165400126443957,64364.48672152121,0
1770189213.7828367,0.3098183485909827,63328.46043157166,0
1770189213.8597114,0.3375726690642095,63811.38440405398,0
1770189213.9401026,0.3246208458704799,64209.11120257377,0
1770189214.0171137,0.31089300318209057,64008.390873025,0
1770189214.095659,0.3189219800390535,64245.991829638835,0
1770189214.1747055,0.34895482327016336,64045.264437870996,0
1770189214.2507188,0.3312911653493613,64167.99300373456,0
1770189214.3301044,0.3172128931947924,63890.65870234554,0
1770189214.406975,0.329905715015174,64506.25516689425,0
1770189214.4853415,0.34589394500744686,64449.510928755175,0
1770189214.5638304,0.34398915225118754,64462.9133491879,0
1770189214.6405742,0.3483865178574386,64687.04850371652,0
1770189214.7184334,0.3535922911160896,64532.79021362543,0
1770189214.7973337,0.3554329472797405,64772.28118259267,0
1770189214.8802383,0.3498120241851892,-64743.79084011339,0
1770189214.9511375,0.3536216742132464,-64632.54803858224,0
1770189215.0290706,0.35635978257932605,-64278.61603718403,0
1770189215.106282,0.35550197106727666,-63929.06580669683,0
1770189215.1858919,0.34587361650316606,-64230.107550598,0
1770189215.2945147,0.37498865201130427,-63736.81221999932,0
1770189215.3412611,0.34852619987245614,-63630.034993149646,0
1770189215.4192638,0.15264872267486546,-63224.72455310626,0
1770189215.499478,0.2185004818497437,-63396.69724277052,0
1770189215.5764449,0.3326536421124162,-63131.69901207139,0
1770189215.6531775,0.3212742402587635,-63453.183510312985,0
1770189215.7328687,0.33842750194190063,-63486.19759246149,0
1770189215.8088787,0.3393424924932836,-63800.85279882194,0
1770189215.8878114,0.36507147834700765,-63843.00008320504,0
1770189215.9656646,0.35229714630655184,-63776.406928025375,0
1770189216.0438633,0.351031516670425,-64366.41205186948,0
1770189216.1211226,0.3537689518768349,-64239.36457092268,0
1770189216.2002041,0.3456161440665969,-64164.675762153645,0
1770189216.277331,0.37373661292995075,-64473.8519714443,0
1770189216.35423,0.36029497396483195,-64523.21802279068,0
1770189216.4313765,0.39208371843014245,64638.97957551788,0
1770189216.5094051,0.39433047316463954,64341.139989579184,0
1770189216.5861783,0.3817294392397227,-64654.17705335259,0
1770189216.6637883,0.3700042143469572,-64511.15126856247,0
1770189216.7390442,0.35398287452434957,-64290.26479966679,0
1770189216.8222163,0.34839996604579504,-64507.52082762964,0
1770189216.8989737,0.3532467947859167,-64430.082613313425,0
1770189216.978302,0.3633430375827671,-64135.88061955718,0
1770189217.0587618,0.3654381325724948,-64145.63904383935,0
1770189217.136155,0.3805624687731065,-64364.90822043286,0
1770189217.2147036,0.38414704311891834,-64681.54061412527,0
1770189217.2918248,0.37704841936954847,-64584.55375222813,0
1770189217.3696182,0.36584994387692593,-64111.74420229647,0
1770189217.4490292,0.35605479600009315,-64150.534472008694,0
1770189217.5296254,0.347530476493137,-64784.462510361074,0
1770189217.605178,0.3279758341374878,-64439.76387947702,0
1770189217.6844454,0.3102094134058334,-64338.23919596818,0
1770189217.7615829,0.33425552332111824,-64588.892650740396,0
1770189217.8393204,0.3361435497446751,-64164.3450686014,0
1770189217.9181812,0.33818778017433665,-64224.29079341179,0
1770189217.998053,0.3359802447224114,-63951.9960645057,0
1770189218.0778112,0.33637553369636164,-64069.2439637795,0
1770189218.1592157,0.31578961275285644,-63633.235222083655,0
1770189218.2686486,0.31905389313574484,-63905.24036967342,0
1770189218.3135269,0.3085754926727933,-63193.16622256327,0
1770189218.3937793,0.3107786062642019,-63432.21314874157,0
1770189218.469482,0.30418922053071173,-63583.94163764424,0
1770189218.5471754,0.1714231862701004,-63613.790614190526,0
1770189218.6250036,0.16121004162145222,-64149.574119284196,0
1770189218.7024925,0.21054812716509103,-64099.409476438566,0
1770189218.7807868,0.22388966569185598,-63980.1802756056,0
1770189218.857398,0.2637722586921933,-63881.646020722445,0
1770189218.9372385,0.2802823137303051,-64116.25952092942,0
1770189219.015883,0.29650359946360516,-64431.72629824906,0
1770189219.0934546,0.3018689450903123,64736.47827665672,0
1770189219.168373,0.3087043037342677,64043.30170656867,0
1770189219.2457962,0.31254852863464744,63513.73907897826,0
1770189219.3251138,0.32617660062686393,64205.84126302807,0
1770189219.4024863,0.21963360531950246,63416.0274655193,0
1770189219.4812453,0.23078638366186632,63713.902874163345,0
1770189219.559377,0.023012728224629256,62391.381507636564,0
1770189219.6385846,0.07943892593561391,62522.82740907439,0
1770189219.7143104,0.18553837293472497,62717.189859423816,0
1770189219.7939453,0.26969360505235623,62828.61850879203,0
1770189219.8743792,0.2696705853556111,62902.821697230866,0
1770189219.950358,0.26677923558881955,63006.73532882927,0
1770189220.0299888,0.2688576953492054,62544.186098853,0
1770189220.1069536,0.27046867647693307,62779.237716793614,0
1770189220.18656,0.26892828106381855,62751.001715547776,0
1770189220.2639117,0.30281904611034044,63535.73115601299,0
1770189220.341747,0.2757116118962979,63501.275885603194,0
1770189220.4193892,0.3422011474246863,62461.08889943095,0
1770189220.498414,0.34576525889058385,62876.575353985485,0
1770189220.5753703,0.33819599991451355,62898.4510772723,0
1770189220.6620748,0.33768797618993374,63723.15548858211,0
1770189220.7357469,0.3371692336680555,64048.90905491486,0
1770189220.8121896,0.32898651504012894,63936.98639287037,0
1770189220.8883083,0.33675552408929965,64793.94231014097,0
1770189220.967166,0.32137687813650073,64590.55711038015,0
1770189221.0431242,0.3426107988620313,64328.61893025141,0
1770189221.1210577,0.32460396365892696,64674.86634297433,0
1770189221.200864,0.3223001472800471,64483.13667372555,0
1770189221.3115723,0.331005612003597,-64737.82416123899,0
1770189221.357902,0.32603320208105013,64459.47512048093,0
1770189221.4362812,0.34692064167489894,64526.76289011446,0
1770189221.5153675,0.3307412829259134,64746.05457106547,0
1770189221.5942636,0.34151294631909623,-64796.3470151857,0
1770189221.6778421,0.34199253264907326,64333.82732993974,0
1770189221.7521133,0.3492470159061044,-64691.411300766544,0
1770189221.8306153,0.32945490423176405,64255.81475251053,0
1770189221.9115546,0.33924517919609365,64729.49298735375,0
1770189221.9879646,0.3298981808902516,64743.547241506036,0
1770189222.0670316,0.3429958279216594,-64622.17776967665,0
1770189222.146118,0.33017301251183745,64730.488341544165,0
1770189222.2237108,0.3406029907912995,-64785.56048279019,0
1770189222.3021739,0.33413644946306276,64685.5010479248,0
1770189222.3787527,0.3405904305133214,64726.201434076705,0
1770189222.4554539,0.3412856211571996,-64590.55428082076,0
1770189222.5338256,0.3420309494747917,-64588.68813618709,0
1770189222.6132782,0.31313704130888875,64753.64655190751,0
1770189222.6930122,0.3382806600182121,-64676.678060358136,0
1770189222.7712824,0.32908212730416553,64753.291417616805,0
1770189222.8499653,0.3265014826087205,-64555.925663927505,0
1770189222.9301648,0.3223141773245196,-64002.674759212976,0
1770189223.005125,0.3238030391358923,-64710.17448688428,0
1770189223.085903,0.3402309463561397,-64391.55963428378,0
1770189223.160186,0.34388274094864413,-64516.739943475215,0
1770189223.237713,0.3393655230891957,-64163.658374656836,0
1770189223.3151412,0.330025169591201,-63876.41907933999,0
1770189223.394509,0.31313684568531996,-64435.23534110852,0
1770189223.4712508,0.31803689176097155,-64210.538638151695,0
1770189223.5541697,0.3279911514289567,-64580.04194926175,0
1770189223.634708,0.32481772432383277,-64252.43561597524,0
1770189223.711965,0.3266735400792006,-64325.86408577764,0
1770189223.785139,0.32826241542458734,-64371.32953999803,0
1770189223.8612556,0.33107496036296313,-64456.81465749996,0
1770189223.940092,0.3371381347521824,-64429.454380065275,0
1770189224.0211592,0.35918810032643056,-64587.06541530044,0
1770189224.0974345,0.34208238945880376,64759.88984567285,0
1770189224.1733289,0.31958641420938394,-64486.84001017053,0
1770189224.2903748,0.3479128130462491,-64537.11946760581,0
1770189224.32998,0.3356169166465307,64747.35605131615,0
1770189224.4072695,0.3215059187850933,-64651.093419793775,0
1770189224.4878602,0.32145140680868606,-64605.058742378955,0
1770189224.5652015,0.31643814770179757,-64734.84787073537,0
1770189224.6427233,0.33225368752552925,64750.89084957978,0
1770189224.719584,0.323648242908963,64599.74104895411,0
1770189224.7972338,0.32088455906415686,64577.143022664,0
1770189224.878207,0.320814782120991,64769.47585574884,0
1770189224.943574,0.3214328168278149,64621.1163425068,0
1770189225.0219986,0.32226183463586544,64635.79618446505,0
1770189225.0994015,0.33989291957904155,64618.81279971052,0
1770189225.1749012,0.3376384954072429,-64746.21078240434,0
1770189225.2507932,0.34282110912910724,-64693.30305712288,0
1770189225.3290832,0.33517229183982156,64781.44236694723,0
1770189225.4079196,0.35532888329613876,64761.26571775336,0
1770189225.4843063,0.35337643929591667,64759.67728785749,0
1770189225.5648263,0.35046138622529666,-64581.67306049223,0
1770189225.6411874,0.3649683666246418,-64556.0461185765,0
1770189225.719557,0.36082058920073334,-64701.89147600383,0
1770189225.798895,0.36062185187078355,64728.0793156415,0
1770189225.8762758,0.3579583181667684,64755.21183429037,0
1770189225.952326,0.35978276335444825,-64773.47144226096,0
1770189226.3423657,0.34618738514370406,-63117.92207259228,0
1770189226.4249036,0.361464679594323,-63814.55742071847,0
1770189226.4994195,0.3410706996751765,-63583.49627136223,0
1770189226.5771916,0.3483522052285991,-63507.61333856685,0
1770189226.657116,0.3401382840561405,-63697.54911732825,0
1770189226.7343256,0.32599238276244413,-63496.62542580842,0
